10 Cloverfield Lane,2016
10.000 A.C.,2008
21 Jump Street,2012
22 Jump Street,2014
24 Hour Party People,2002
9 Songs,2004
A Beautiful Day - You Were Never Really Here,2017
A Beautiful Mind,2001
A Bug's Life - Megaminimondo,1998
A Christmas Carol,2009
A Civil Action,1998
A Dangerous Method,2011
A History of Violence,2005
A Perfect Getaway - Una perfetta via di fuga,2009
A Scanner Darkly - Un oscuro scrutare,2006
A Star Is Born,2018
A Wrinkle in Time,2018
About a Boy - Un ragazzo,2002
Across the Universe,2007
Adam,2009
Adventureland,2009
After Earth,2013
After the Sunset,2004
After.Life,2009
Agora,2009
Aladdin,1992
Alan Partridge: Alpha Papa,2013
Albert Nobbs,2011
Alexander,2004
Alfie,2004
Alice in Wonderland,2010
Alien,1979
Alien - La clonazione,1997
Alien: Covenant,2017
Alien³,1992
Aliens - Scontro finale,1986
Aliens vs. Predator 2,2007
All Eyez on Me,2017
All Is Lost - Tutto è perduto,2013
All the Boys Love Mandy Lane,2006
Alpha Dog,2006
American Beauty,1999
American Graffiti,1973
American History X,1998
American Honey,2016
American Life,2009
American Pie - Il matrimonio,2003
American Pie - Il primo assaggio non si scorda mai,1999
American Pie 2,2001
American Pie: Ancora insieme,2012
American Splendor,2003
Amityville Horror,2005
Amityville Horror,1979
An American Haunting,2005
Anaconda,1997
Anchorman 2 - Fotti la notizia,2013
Angry Birds - Il film,2016
Animal Kingdom,2010
Anna Karenina,2012
Annabelle,2014
Annabelle 3,2019
Another Earth,2011
Another Year,2010
Ant Bully - Una vita da formica,2006
Antichrist,2009
Ant-Man,2015
Apollo 13,1995
Apollo 18,2011
Apostolo,2018
Arturo,2011
Astro Boy,2009
ATM - Trappola mortale,2012
Attack the Block - Invasione aliena,2011
Aurora,1927
Austin Powers - Il controspione,1997
Automata,2014
Autopsy,2016
Autumn in New York,2000
Avengers: Infinity War,2018
Away from Her - Lontano da lei,2006
Babadook,2014
Baby Mama,2008
Bad Company - Protocollo Praga,2002
Bad Moms: Mamme molto cattive,2016
Bad Teacher - Una cattiva maestra,2011
Bad Words,2013
Bambi,1942
Bandits,2001
Barnyard - Il cortile,2006
Barton Fink - È successo a Hollywood,1991
Basic,2003
Basic Instinct,1992
Batman - Il ritorno,1992
Batman & Robin,1997
Batman Forever,1995
Batman v Superman: Dawn of Justice,2016
Batman: The Killing Joke,2016
Be Kind Rewind - Gli acchiappafilm,2008
Beastly,2011
Beautiful Boy,2018
Beautiful Creatures - La sedicesima luna,2013
Becoming Jane,2007
Bee Movie,2007
Beetlejuice - Spiritello porcello,1988
Before I Go to Sleep,2014
Behind the Mask - Vita di un Serial Killer,2006
Ben-Hur,1959
Bernie,2011
Better Watch Out,2016
Beverly Hills Chihuahua (Ci uauh a),2008
Beverly Hills Cop - Un piedipiatti a Beverly Hills,1984
Big Hero 6,2014
Big Mama,2000
Billy Elliot,2000
Billy Lynn: Un giorno da eroe,2016
Bird Box,2018
Birdemic: Shock and Terror,2010
Birdman o (L'imprevedibile virtù dell'ignoranza),2014
Birth - Io sono Sean,2004
Black Christmas - Un Natale rosso sangue,2006
Black Christmas (Un Natale rosso sangue),1974
Black Dynamite,2009
Black Mass - L'ultimo gangster,2015
Black Sheep - Pecore assassine,2006
Black Snake Moan,2006
BlacKkKlansman,2018
Blair Witch,2016
Blindspotting,2018
Bling Ring,2013
Blood Story,2010
Bloody Sunday,2002
Blow,2001
Blow Out,1981
Blow-Up,1966
Blue Jasmine,2013
Blue Ruin,2013
Blue Valentine,2010
Bolt - Un eroe a quattro zampe,2008
Bombshell - La voce dello scandalo,2019
Bone Tomahawk,2015
Boog & Elliot a caccia di amici,2006
Boogeyman - L'uomo nero,2005
Boogie Nights - L'altra Hollywood,1997
Botte da prof.,2017
Bowfinger,1999
Boxtrolls - Le scatole magiche,2014
Boy Erased - Vite cancellate,2018
Boys Don't Cry,1999
Brazil,1985
Breakfast Club,1985
Brick - Dose mortale,2005
Bride Wars - La mia migliore nemica,2009
Broken Flowers,2005
Brood - La covata malefica,1979
Brooklyn's Finest,2009
Brothers,2009
Bug - La paranoia è contagiosa,2006
Bullitt,1968
Bulworth - Il senatore,1998
Bumblebee,2018
Burlesque,2010
Burn After Reading - A prova di spia,2008
Byzantium,2012
Cabin Fever,2002
Cam,2018
Camp X-Ray,2014
Candyman - Terrore dietro lo specchio,1992
Captain Marvel,2019
Captivity,2007
Carnage,2011
Carol,2015
Cars 3,2017
Carter,1971
Casanova,2005
Case 39,2009
Casinò,1995
Cats,2019
Cell,2016
Cell Block 99: Nessuno può fermarmi,2017
Changeling,2008
Changeling,1980
Charlie Bartlett,2007
Chasing Mavericks - Sulla cresta dell'onda,2012
Chicken Little - Amici per le penne,2005
Chloe - Tra seduzione e inganno,2009
Christine - La macchina infernale,1983
Chronicle,2012
Cinderella Man - Una ragione per lottare,2005
City Island,2009
City of Crime,2019
Clerks - Commessi,1994
Clerks II,2006
Closed Circuit,2013
Closer,2004
Coach Carter,2005
Cobra,1986
Cocaine - La vera storia di White Boy Rick,2018
Codice Genesi,2010
Cogan - Killing Them Softly,2012
Coherence - Oltre lo spazio tempo,2013
Cold in July,2014
Collateral Beauty,2016
Color Out of Space,2019
Comic Movie,2013
Commando,1985
Compliance,2012
Conan the Barbarian,2011
Confidence - La truffa perfetta,2003
Contagious - Epidemia mortale,2015
Control,2007
Conviction,2010
Cooties,2014
Cop Car,2015
Cop Land,1997
Corsa a Witch Mountain,2009
Cosmopolis,2012
Crank: High Voltage,2009
Crawl - Intrappolati,2019
"Crazy Stupid Love.",2011
Creep,2014
Creepshow,1982
Creepshow 2,1987
Crimson Peak,2015
Critters - Gli extraroditori,1986
Crossroads - Le strade della vita,2002
Cursed - Il maleficio,2005
Cyrus,2010
Déjà vu - Corsa contro il tempo,2006
Daddy's Home,2015
Danny the Dog,2005
Dante's Peak - La furia della montagna,1997
Dark City,1998
Dark Crystal,1982
Dark Places - Nei luoghi oscuri,2015
Dark Shadows,2012
Dark Skies - Oscure presenze,2013
Dark Star,1974
Dark Water,2005
Darkest Minds,2018
Darkman,1990
Daybreakers - L'ultimo vampiro,2009
Dead Man's Shoes - Cinque giorni di vendetta,2004
Dead Silence,2007
Deadpool,2016
Dear John,2010
Dear White People,2014
Death Race,2008
Death Sentence,2007
Deep Impact,1998
Deepwater: Inferno sull'oceano,2016
Delivery Man,2013
Demolition Man,1993
Demolition: Amare e vivere,2015
Denti,2007
Destroyer,2018
Detachment - Il distacco,2011
Detroit,2017
Dick Tracy,1990
Dirty Dancing - Balli proibiti,1987
Disaster Movie,2008
Disconnect,2012
DOA: Dead or Alive,2006
Doctor Sleep,2019
Doctor Strange,2016
Dog Soldiers,2002
Doghouse,2009
Dogma,1999
Dogville,2003
Dolemite Is My Name,2019
Dom Hemingway,2013
Domino,2005
Don Jon,2013
Donnie Darko,2001
Don't Worry,2018
Doomsday - Il giorno del giudizio,2008
Downton Abbey,2019
Dracula il vampiro,1958
Dracula's Legacy - Il fascino del male,2000
Draft Day,2014
Dragon Trainer,2010
Dragon Trainer - Il mondo nascosto,2019
Dragon Trainer 2,2014
Dream House,2011
Dreamgirls,2006
Dredd - Il giudice dell'apocalisse,2012
Dredd - La legge sono io,1995
Drillbit Taylor,2008
Drinking Buddies - Amici di bevuta,2013
Drive Angry,2011
Dumbo,1941
Dune,1984
E.T. - L'extra-terrestre,1982
Eagle Eye,2008
Easy Girl,2010
Ed Wood,1994
Eden Lake,2008
Edge of Tomorrow - Senza domani,2014
Edward mani di forbice,1990
Eighth Grade - Terza media,2018
El Camino: Il film di Breaking Bad,2019
Elf - Un elfo di nome Buddy,2003
Eliza Graves,2014
Elizabethtown,2005
Ember - Il mistero della città di luce,2008
Ender's Game,2013
Enemy,2013
Entourage,2015
Entrapment,1999
Epic - Il mondo segreto,2013
Epic Movie,2007
Equals,2015
Equilibrium,2002
Eragon,2006
Eraserhead - La mente che cancella,1977
Erin Brockovich - Forte come la verità,2000
Escape Room,2019
ESP - Fenomeni paranormali,2011
Essere John Malkovich,1999
Everything Must Go,2010
Evolution,2001
Ex Machina,2014
Excalibur,1981
Excision,2012
eXistenZ,1999
Exodus - Dei e re,2014
Extract,2009
Eyes Wide Shut,1999
Fantasia,1940
Fantasia 2000,1999
Fantasy Island,2020
Fargo,1996
Faster,2010
Fido,2006
Fight Club,1999
Final Destination 2,2003
Final Destination 3,2006
Fire Squad - Incubo di fuoco,2017
Firewall - Accesso negato,2006
First Man - Il primo uomo,2018
First Reformed - La creazione a rischio,2017
Fish Tank,2009
Flags of Our Fathers,2006
Flash Gordon,1980
Flatliners: Linea mortale,2017
Flight,2012
Fog,1980
Following,1998
Footloose,2011
Forrest Gump,1994
Four Brothers - Quattro fratelli,2005
Frailty - Nessuno è al sicuro,2001
Frankenweenie,2012
Freaks,2018
Fred Claus - Un fratello sotto l'albero,2007
Freddy vs. Jason,2003
Free Birds - Tacchini in fuga,2013
Free Fire,2016
Free State of Jones,2016
Frequency - Il futuro è in ascolto,2000
Friday Night Lights,2004
Friend Request - La morte ha il tuo profilo,2016
Friends with Kids,2011
Friends with Money,2006
Fright Night - Il vampiro della porta accanto,2011
Frost/Nixon - Il duello,2008
Frozen,2010
Frozen II - Il segreto di Arendelle,2019
Funeral Party,2007
Funny Games,2007
Funny People,2009
G.I. Joe - La vendetta,2013
Galaxy Quest,1999
Game Night - Indovina chi muore stasera?,2018
Gamer,2009
Gandhi,1982
Gangster Squad,2013
Gangster Story,1967
Garfield: Il film,2004
Get Low,2009
Get on Up: La storia di James Brown,2014
Get Shorty,1995
Getaway - Via di fuga,2013
Ghost Rider,2007
Ghost Stories,2017
Ghost Town,2008
Ghost World,2001
Ghostbusters,2016
Ghostbusters (Acchiappafantasmi),1984
Ghostbusters II (Acchiappafantasmi II),1989
God Bless America,2011
Gods of Egypt,2016
Godsend - Il male è rinato,2004
Gone Baby Gone,2007
Good Boys - Quei cattivi ragazzi,2019
Good Kill,2014
"Good Night and Good Luck.",2005
Good Time,2017
Gosford Park,2001
Grease - Brillantina,1978
Green Room,2015
Gremlins 2 - La nuova stirpe,1990
Greyhound: il nemico invisibile,2020
Grindhouse - A prova di morte,2007
Guns Akimbo,2019
Hairspray: Grasso è bello,2007
Half Nelson,2006
Halloween,2018
Halloween - 20 anni dopo,1998
Halloween - La notte delle streghe,1978
Halloween - La resurrezione,2002
Halloween - The Beginning,2007
Halloween 4 - Il ritorno di Michael Myers,1988
Halloween 5 - La vendetta di Michael Myers,1989
Halloween 6 - La maledizione di Michael Myers,1995
Halloween II,2009
Halloween III - Il signore della notte,1982
Hannah Montana: The Movie,2009
Hansel & Gretel - Cacciatori di streghe,2013
Happy Feet,2006
Happy Feet 2,2011
Hard Candy,2005
Harry Brown,2009
Harry Potter e i Doni della Morte - Parte 1,2010
Harry Potter e i Doni della Morte - Parte 2,2011
Harry Potter e il prigioniero di Azkaban,2004
Harry Potter e il principe mezzosangue,2009
Harry Potter e la camera dei segreti,2002
Harry Potter e la pietra filosofale,2001
Harry Potter e l'Ordine della Fenice,2007
Hatchet,2006
Hates - House at the End of the Street,2012
Haunting - Presenze,1999
Hazzard,2005
Heart of the Sea - Le origini di Moby Dick,2015
Hell or High Water,2016
Hellbound: Hellraiser II - Prigionieri dell'inferno,1988
Hellraiser,1987
Hellraiser III - Inferno sulla città,1992
Henry - Pioggia di sangue,1986
Herbie - Il super maggiolino,2005
Hercules - La leggenda ha inizio,2014
Hercules: Il guerriero,2014
High Life,2018
High School Musical 3: Senior Year,2008
Highlander - L'ultimo immortale,1986
High-Rise: La rivolta,2015
History Boys,2006
Hit and Run,2012
Hitch - Lui sì che capisce le donne,2005
Hitchcock,2012
Hitman: Agent 47,2015
Hobo with a Shotgun,2011
Hold the Dark,2018
Holes - Buchi nel deserto,2003
Hollywood Homicide,2003
Holmes & Watson - 2 de menti al servizio della regina,2018
Homefront,2013
Honeymoon,2014
Horns,2013
Hostage,2005
Hot Fuzz,2007
Hot Movie - Un film con il lubrificante,2006
Hot Rod - Uno svitato in moto,2007
Hotel Bau,2009
Hotel Transylvania,2012
Hotel Transylvania 2,2015
House of the Dead,2003
Housebound,2014
Howard e il destino del mondo,1986
Hugo Cabret,2011
Humandroid,2015
Hunger Games,2012
Hunger Games: Il canto della rivolta - Parte 2,2015
Hunger Games: Il canto della rivolta - Parte I,2014
Hunger Games: La ragazza di fuoco,2013
Hustle & Flow - Il colore della musica,2005
Hysteria,2011
I Am Mother,2019
I Don't Feel at Home in This World Anymore.,2017
I Love Radio Rock,2009
"I Love You Man",2009
I Spit on Your Grave,2010
"I Frankenstein",2014
Idiocracy,2006
Igby Goes Down,2002
Igor,2008
Imperium,2016
In Good Company,2004
In Her Shoes - Se fossi lei,2005
In the Cut,2003
In the Loop,2009
In the Name of the King,2007
In Time,2011
In viaggio verso un sogno - The Peanut Butter Falcon,2019
Independence Day,1996
Indian - La grande sfida,2005
Inkheart - La leggenda di Cuore d'inchiostro,2008
Inside Out,2015
Insidious,2010
Insidious 3 - L'inizio,2015
Insidious: L'ultima chiave,2018
Insomnia,2002
Interceptor,1979
Interceptor - Il guerriero della strada,1981
Interstellar,2014
Into the Storm,2014
Into the Woods,2014
Invasione degli ultracorpi,1956
Invisible,2007
Io & Marley,2008
"I Daniel Blake",2016
"I robot",2004
Iron Man 3,2013
Irrational Man,2015
It Comes at Night,2017
It Follows,2014
J. Edgar,2011
Jack e Jill,2011
Jack Reacher - La prova decisiva,2012
Jackass - Nonno cattivo,2013
Jackie Brown,1997
Jane Got a Gun,2015
Jason va all'inferno,1993
Jason X,2001
Jay & Silent Bob... Fermate Hollywood!,2001
Jeepers Creepers - Il canto del diavolo,2001
Jeepers Creepers - Il canto del diavolo 2,2003
Jersey Girl,2004
Jimmy Bobo - Bullet to the Head,2012
Joaquin Phoenix - Io sono qui!,2010
Jobs,2013
Joe,2013
John Carter,2012
John Dies at the End,2012
Joker,2019
Joker - Wild Card,2015
Jonah Hex,2010
Judy,2019
Jumanji - Benvenuti nella giungla,2017
Jumanji - The Next Level,2019
Junebug,2005
Jurassic World,2015
Just Friends (Solo amici),2005
Keanu,2016
Kick-Ass,2010
Kick-Ass 2,2013
Kidnap,2017
Killer in viaggio,2012
Killer Joe,2011
Killer Klowns,1988
Killers,2010
King Arthur: Il potere della spada,2017
King Kong,2005
King Kong,1933
King Kong,1976
Kinsey,2004
Kiss Kiss Bang Bang,2005
Kung Fu Panda,2008
Kung Fu Panda 2,2011
Kung Fu Panda 3,2016
L.A. Confidential,1997
La La Land,2016
Left Behind - La profezia,2014
Legend,2015
Legion,2010
LEGO Batman - Il film,2017
Lemony Snicket - Una serie di sfortunati eventi,2004
Liberal Arts,2012
Licantropia Evolution - Ritorno al presente,2000
Life of the Party - Una mamma al college,2018
Lights Out - Terrore nel buio,2016
Like Crazy,2011
Little Children,2006
Little Miss Sunshine,2006
Lock & Stock - Pazzi scatenati,1998
Locke,2013
Lockout,2012
London Boulevard,2010
Lontano dal paradiso,2002
Looney Tunes: Back in Action,2003
Lorax - Il guardiano della foresta,2012
Lost in Space,1998
Love & Mercy,2014
Love & Secrets,2010
Love Guru,2008
Lovelace,2013
Loving Vincent,2017
Ma,2019
Macbeth,2015
Mad Max - Oltre la sfera del tuono,1985
Magic Mike,2012
Magic Mike XXL,2015
Maleficent,2014
Maleficent - Signora del male,2019
Man in the Dark,2016
Man on the Moon,1999
Man Up,2015
Manchester by the Sea,2016
Manderlay,2005
Mandy,2018
Manhattan,1979
Manhunter - Frammenti di un omicidio,1986
Maniac,2012
Manos: The Hands of Fate,1966
Maps to the Stars,2014
Margin Call,2011
Marrowbone,2017
Mary Poppins,1964
Match Point,2005
Matrix,1999
May,2002
Maze Runner - Il labirinto,2014
Maze Runner - La fuga,2015
Maze Runner - La rivelazione,2018
Me and You and Everyone We Know,2005
Mean Creek,2004
Megamind,2010
Melancholia,2011
Memento,2000
Men in Black II,2002
Men of Honor - L'onore degli uomini,2000
"Men Women & Children",2014
Michael Clayton,2007
Mid90s,2018
Midnight Special - Fuga nella notte,2016
Milk,2008
Millennium - Quello che non uccide,2018
Millions,2004
Miracle,2004
Mirrormask,2005
Misery non deve morire,1990
Miss F.B.I. - Infiltrata speciale,2005
Miss Peregrine - La casa dei ragazzi speciali,2016
Miss Potter,2006
Miss Sloane - Giochi di potere,2016
Mission to Mars,2000
Mission: Impossible II,2000
Mississippi Grind,2015
Mistress America,2015
Molly's Game,2017
Molto incinta,2007
Monster,2003
Monster House,2006
Monsters & Co.,2001
Monster's Ball - L'ombra della vita,2001
Monsters University,2013
Montecristo,2002
Moonlight,2016
Moonrise Kingdom - Una fuga d'amore,2012
Mortdecai,2015
Motel Woodstock,2009
Mr. Beaver,2011
Mr. Brooks,2007
Mr. Deeds,2002
Mr. Magorium e la bottega delle meraviglie,2007
Mr. Peabody e Sherman,2014
Mud,2012
Mudbound,2017
My Name Is Bruce,2007
Mysterious Skin,2004
Mystery Men,1999
Mystic River,2003
Nanny McPhee - Tata Matilda,2005
Napoleon Dynamite,2004
Narciso nero,1947
Nascosto nel buio,2005
Nashville,1975
Need for Speed,2014
Nemico pubblico - Public Enemies,2009
Nerve,2016
Never Back Down - Mai arrendersi,2008
Neverland - Un sogno per la vita,2004
Nick & Norah - Tutto accadde in una notte,2008
Nick mano fredda,1967
Nickname: Enigmista,2005
Nightmare,2010
Nightmare - Dal profondo della notte,1984
Nightmare - Nuovo incubo,1994
Nightmare 2 - La rivincita,1985
Nightmare 3 - I guerrieri del sogno,1987
Nightmare 4 - Il non risveglio,1988
Nightmare 5 - Il mito,1989
Nightmare Before Christmas,1993
Ninja Assassin,2009
Noah,2014
Nodo alla gola,1948
Noi,2019
Noi due sconosciuti,2007
Noi siamo infinito,2012
Non è mai troppo tardi,2007
Non è romantico?,2019
Non aprite quella porta,1974
Non aprite quella porta,2003
Non aprite quella porta - Parte 2,1986
Non aprite quella porta 3D,2013
Non aprite quella porta: L'inizio,2006
Non avere paura del buio,2010
Non buttiamoci giù,2014
Non dico altro,2013
Non lasciarmi,2010
Non violentate Jennifer,1978
Nonno scatenato,2016
Norbit,2007
North Country - Storia di Josey,2005
Notorious B.I.G.,2009
Notte al museo - Il segreto del faraone,2014
Nymphomaniac - Vol. I,2013
Nymphomaniac - Vol. II,2013
Oblivion,2013
Observe and Report,2009
Obsessed - Passione fatale,2009
Oceania,2016
Oculus - Il riflesso del male,2013
Oggi è già domani,2008
Ogni maledetta domenica,1999
Old School,2003
Oldboy,2013
Oliver Twist,2005
Oltre i confini del male - Insidious 2,2013
Omicidio a luci rosse,1984
One Day,2011
One for the Money,2012
One Hour Photo,2002
Onward - Oltre la magia,2020
Open Water,2003
Ouija,2014
Out of Sight,1998
Out of Time,2003
P.S. I Love You - Non è mai troppo tardi per dirlo,2007
Paddington,2014
Paddington 2,2017
Pain & Gain - Muscoli e denaro,2013
Palm Springs,2020
Palo Alto,2013
Pan - Viaggio sull'isola che non c'è,2015
Panic Room,2002
Paradiso amaro,2011
Paranoid Park,2007
Paranormal Activity,2007
Paranormal Activity 3,2011
ParaNorman,2012
Parental Guidance,2012
Parker,2013
Payback - La rivincita di Porter,1999
Paycheck,2003
Penelope,2006
Percy Jackson e gli dei dell'Olimpo - Il mare dei mostri,2013
Perfect Stranger,2007
Pet Sematary,2019
Peter Rabbit,2018
Pets - Vita da animali,2016
Pets 2: Vita da animali,2019
Pinocchio,1940
Piranha 3D,2010
Piranha 3DD,2012
Plan 9 from Outer Space,1957
Planet of the Apes - Il pianeta delle scimmie,2001
Planet Terror,2007
Pleasantville,1998
Point Break - Punto di rottura,1991
Polar Express,2004
Pollock,2000
Poltergeist,2015
Poltergeist - Demoniache presenze,1982
Pompei,2014
Posh,2014
Postal,2007
Predator 2,1990
Predestination,2014
Premonition,2007
Premonitions,2015
Priest,2011
Prima di domani,2017
Prima o poi me lo sposo,1998
Prime,2005
Primo contatto,1996
Prince of Persia - Le sabbie del tempo,2010
Prisoners,2013
Professione assassino,2011
Profumo - Storia di un assassino,2006
Project Power,2020
Project X - Una festa che spacca,2012
Promised Land,2012
Proof - La prova,2005
Prossima fermata: l'inferno,2008
Prova a incastrarmi,2006
Psycho,1998
Psycho II,1983
Psyco,1960
Pulse,2006
Punisher - Zona di guerra,2008
Punto zero,1971
Pupazzi senza gloria,2018
Qua la zampa!,2017
Qualcosa è cambiato,1997
Qualcosa di speciale,2009
Qualcuno volò sul nido del cuculo,1975
Quando la moglie è in vacanza,1955
Quarantena,2008
Quel che sapeva Maisie,2012
Quel fantastico peggior anno della mia vita,2015
Quel momento imbarazzante,2014
Quel mostro di suocera,2005
Quell'idiota di nostro fratello,2011
Quello che so sull'amore,2012
Questi sono i 40,2012
Questione di tempo,2013
Quinto potere,1976
R.I.P.D. - Poliziotti dall'aldilà,2013
Rabbit Hole,2010
Racconti incantati,2008
Rachel sta per sposarsi,2008
Radio Killer,2001
Ragazzi perduti,1987
Ralph spacca Internet,2018
Ralph Spaccatutto,2012
Rambo,1982
Rampart,2011
Rango,2011
Rapina a mano armata,1956
Rapunzel: L'intreccio della torre,2010
Rat Race,2001
Ray,2004
Re della terra selvaggia,2012
Re per una notte,1982
Ready Player One,2018
Red Lights,2012
Red State,2011
Regali da uno sconosciuto - The Gift,2015
Regression,2015
Reign Over Me,2007
Relic - L'evoluzione del terrore,1997
Repo! The Genetic Opera,2008
Repulsion,1965
Requiem for a Dream,2000
Reservation Road,2007
Resident Evil,2002
Resident Evil: Apocalypse,2004
Resident Evil: Extinction,2007
Resident Evil: The Final Chapter,2016
Resta anche domani,2014
Revolutionary Road,2008
Ribelle: The Brave,2012
Ricatto d'amore,2009
Richard Jewell,2019
Riddick,2013
RoboCop,1987
RoboCop 2,1990
Robot & Frank,2012
Rock of Ages,2012
Rocketman,2019
Rocky,1976
Rogue,2007
Rogue One: A Star Wars Story,2016
Role Models,2008
Rollerball,1975
Romeo + Giulietta di William Shakespeare,1996
Room,2015
Rosemary's Baby - Nastro rosso a New York,1968
Rubber,2010
Run All Night - Una notte per sopravvivere,2015
Run Fatboy Run,2007
S.O.S. fantasmi,1988
S.Y.N.A.P.S.E. - Pericolo in rete,2001
S1m0ne,2002
Safety Not Guaranteed,2012
San Andreas,2015
San Valentino di sangue,2009
Sanctum,2011
Sangue blu,1949
Sapori e dissapori,2007
Sausage Party - Vita segreta di una salsiccia,2016
Saved! Il paradiso ci aiuta,2004
Saving Mr. Banks,2013
Saw - L'enigmista,2004
Saw 3D - Il capitolo finale,2010
Saw II - La soluzione dell'enigma,2005
Saw III - L'enigma senza fine,2006
Saw IV,2007
Saw V - Non crederai ai tuoi occhi,2008
Saw VI,2009
Saw: Legacy,2017
Sballati per le feste!,2015
Scanners,1981
Scappa - Get Out,2017
Scary Movie 2,2001
Scary Movie 3 - Una risata vi seppellirà,2003
Scary Stories to Tell in the Dark,2019
School of Rock,2003
Scooby-Doo,2002
Scooby-Doo 2: Mostri scatenati,2004
Scoop,2006
Scott Pilgrim vs. the World,2010
Scream,1996
Scream 2,1997
Scream 3,2000
Scream 4,2011
Seabiscuit - Un mito senza tempo,2003
Searching,2018
Secret Window,2004
Secretary,2002
Seven,1995
Seven Sisters,2017
Sex and the City,2008
Sex Movie in 4D,2008
Sfera,1998
Sguardo nel vuoto,2007
Shadowhunters - Città di ossa,2013
Shaft,2019
Shakespeare in Love,1998
Shall We Dance?,2004
Shame,2011
Shark Night - Il lago del terrore,2011
Shark Tale,2004
Shelter - Identità paranormali,2010
Shining,1980
Shooter,2007
Short Term 12,2013
Showgirls,1995
Showtime,2002
Shrek,2001
Shrek 2,2004
Shrek e vissero felici e contenti,2010
Shrek Terzo,2007
Signal,2007
Silent Hill,2006
Silent Hill: Revelation 3D,2012
Silent House,2011
Sin City,2005
Sin City - Una donna per cui uccidere,2014
Single ma non troppo,2016
Sinister,2012
Sinister 2,2015
Skyline,2010
Sleepaway Camp,1983
Sleeping Beauty,2011
Sleepless - Il giustiziere,2017
Slender Man,2018
Sleuth - Gli insospettabili,2007
Slevin - Patto criminale,2006
Slither,2006
Small Soldiers,1998
Smokin' Aces,2006
Snakes on a Plane,2006
Snoopy & Friends - Il film dei Peanuts,2015
So cosa hai fatto,1997
Soffocare,2008
Sogni e delitti,2007
Solaris,2002
Soldi sporchi,1998
Solo per vendetta,2011
Solo: A Star Wars Story,2018
Something Borrowed - L'amore non ha regole,2011
Somnia,2016
Sopravvissuti,2015
Sorry to Bother You,2018
Soul Surfer,2011
Sound of My Voice,2011
Source Code,2011
Southland Tales - Così finisce il mondo,2006
Southpaw - L'ultima sfida,2015
Space Cowboys,2000
Space Vampires,1985
Spartacus,1960
Specie mortale,1995
Species II,1998
Speed,1994
Speed Racer,2008
Spenser Confidential,2020
Spider,2002
Spider-Man,2002
Spiderwick - Le cronache,2008
Spirit - Cavallo selvaggio,2002
Splinter,2008
Split,2016
SpongeBob - Fuori dall'acqua,2015
Spring Breakers - Una vacanza da sballo,2012
Spy,1996
Spy Kids 2 - L'isola dei sogni perduti,2002
Squadra 49,2004
Stake Land,2010
Stand by Me - Ricordo di un'estate,1986
Stanlio e Ollio,2018
Stanno tutti bene - Everybody's Fine,2009
Star System - Se non ci sei non esisti,2008
Star Trek,2009
Star Trek - La nemesi,2002
Star Trek - L'insurrezione,1998
Star Trek II - L'ira di Khan,1982
Star Trek: Beyond,2016
Star Wars - Gli ultimi Jedi,2017
Star Wars - Il risveglio della Forza,2015
Star Wars: Episodio I - La minaccia fantasma,1999
Star Wars: Episodio II - L'attacco dei cloni,2002
Star Wars: Episodio III - La vendetta dei Sith,2005
Star Wars: L'ascesa di Skywalker,2019
Star Wars: The Clone Wars,2008
Stardust,2007
Starman,1984
Starship Troopers - Fanteria dello spazio,1997
Stay - Nel labirinto della mente,2005
Stay Alive,2006
Step Up,2006
Step Up 3D,2010
Step Up 4 Revolution 3D,2012
Steve Jobs,2015
Still Alice,2014
Stone,2010
Storia d'inverno,2014
Strade perdute,1997
Strade violente,1981
Straight Outta Compton,2015
Strange Days,1995
Straw Dogs,2011
Stronger - Io sono più forte,2017
Sua Maestà,2011
Submarine,2010
Suburbicon,2017
Suffragette,2015
Sully,2016
Summer of 84,2018
Sunshine,2007
Super - Attento crimine!!!,2010
Super 8,2011
Superhero - Il più dotato fra i supereroi,2008
Superman,1978
Surf's Up - I re delle onde,2007
Survival of the Dead - L'isola dei sopravvissuti,2009
Suspense,1961
Suxbad: Tre menti sopra il pelo,2007
Svalvolati on the road,2007
Swiss Army Man - Un amico multiuso,2016
SWOP: I sesso dipendenti,2015
Take Me Home Tonight,2011
Take Shelter,2011
Take This Waltz,2011
Tamara Drewe - Tradimenti all'inglese,2010
Tammy,2014
Tartarughe Ninja - Fuori dall'ombra,2016
Tarzan,1999
Tavolo 19,2017
Ted 2,2015
Ted Bundy - Fascino criminale,2019
Tempesta di ghiaccio,1997
Tempi moderni,1936
Tenacious D e il destino del rock,2006
Tentazioni (ir)resistibili,2012
Terapia e pallottole,1999
Terminator 3 - Le macchine ribelli,2003
Terminator Genisys,2015
Terra di confine - Open Range,2003
Thank You for Smoking,2005
The Abyss,1989
The Amazing Spider-Man,2012
The Amazing Spider-Man 2 - Il potere di Electro,2014
The Assassination,2004
The Astronaut's Wife - La moglie dell'astronauta,1999
The Avengers - Agenti speciali,1998
The Aviator,2004
The Bad Batch,2016
The Bay,2012
The Belko Experiment: Chi sopravviverà?,2016
The Black Hole - Il buco nero,1979
The Blair Witch Project - Il mistero della strega di Blair,1999
The Blind Side,2009
The Blues Brothers - I fratelli Blues,1980
The Boss,2016
The Box,2009
The Boy,2016
The Butler - Un maggiordomo alla Casa Bianca,2013
The Butterfly Effect,2004
The Bye Bye Man,2017
The Call,2013
The Captive: Scomparsa,2014
The Cell - La cellula,2000
The Chronicles of Riddick,2004
The Circle,2017
The Collection,2012
The Collector,2009
The Colony,2013
The Company Men,2010
The Conjuring - Il caso Enfield,2016
The Conspirator,2010
The Contender,2000
The Cooler,2003
The Core,2003
The Covenant,2006
The Descent - Discesa nelle tenebre,2005
The Descent: Part 2,2009
The Devil's Double,2011
The Disaster Artist,2017
The Divergent Series: Allegiant,2016
The Divergent Series: Insurgent,2015
The Divide,2011
The Dressmaker - Il diavolo è tornato,2015
The End of the Tour - Un viaggio con David Foster Wallace,2015
The Endless,2017
The Faculty,1998
The Fighter,2010
The Final Destination 3D,2009
The Final Girls,2015
The Fog - Nebbia assassina,2005
The Forgotten,2004
The Gambler,2014
The Gentlemen,2019
The Gift - Il dono,2000
The Giver - Il mondo di Jonas,2014
The Good Girl,2002
The Good Lie,2014
The Great Debaters - Il potere della parola,2007
The Greatest Showman,2017
The Guardian,2006
The Guest,2014
The Help,2011
The Hitcher,2007
The Hobbit: The Desolation of Smaug,2013
The Hole,2009
The Host,2013
The Hours,2002
The House of the Devil,2009
The Human Centipede II (Full Sequence),2011
The Hunt,2020
The Hunter,2011
The Ice Harvest,2005
The Iceman,2012
The Illusionist - L'illusionista,2006
The Innkeepers,2011
The Invitation,2015
The Iron Lady,2011
The Island,2005
The Jacket,2005
The Joneses,2009
The Judge,2014
The Killer Inside Me,2010
The Last Days on Mars,2013
The Last Kiss,2006
The Last Song,2010
The Last Stand - L'ultima sfida,2013
The Last Witch Hunter - L'ultimo cacciatore di streghe,2015
The Lazarus Effect,2015
The Lego Movie 2: Una nuova avventura,2019
The Lego Ninjago Movie,2017
The Libertine,2004
The Lighthouse,2019
The Lincoln Lawyer,2011
The Lodge,2019
The Losers,2010
The Loved Ones,2009
The Majestic,2001
The Manchurian Candidate,2004
The Messengers,2007
The Meyerowitz Stories (New and Selected),2017
The Mist,2007
The Mothman Prophecies - Voci dall'ombra,2002
The Neon Demon,2016
The Next Three Days,2010
The One,2001
The One I Love,2014
The Others,2001
The Pact,2012
The Paperboy,2012
The Perfect Host,2010
The Perfection,2018
The Possession,2012
The Post,2017
The Prestige,2006
The Prodigy - Il figlio del male,2019
The Producers - Una gaia commedia neonazista,2005
The Punisher,2004
The Raven,2012
The Report,2019
The Resident,2011
The Ring,2002
The Ring 2,2005
The Ring 3,2017
The Road,2009
The Rock,1996
The Rocker - Il batterista nudo,2008
The Rocky Horror Picture Show,1975
The Room,2003
The Roommate - Il terrore ti dorme accanto,2011
The Runaways,2010
The Sentinel,2006
The Sessions - Gli incontri,2012
The Shack,2017
The Shipping News - Ombre dal profondo,2001
The Signal,2014
The Spectacular Now,2013
The Strangers,2008
The Strangers: Prey at Night,2018
The Time Machine,2002
The Town,2010
The Toxic Avenger - Il vendicatore tossico,1984
The Tree of Life,2011
The Trip,2010
The Truman Show,1998
The Twilight Saga: Breaking Dawn - Parte 2,2012
The Twilight Saga: Eclipse,2010
The Uninvited,2009
The Untouchables - Gli intoccabili,1987
The Village,2004
The Visit,2015
The Voices,2014
The Void - Il vuoto,2016
The Ward - Il reparto,2010
The Weather Man - L'uomo delle previsioni,2005
The Wedding Party,2012
The Wicker Man,1973
The Witch - Vuoi ascoltare una favola?,2015
The Woman,2011
The Woman in Black,2012
The Woman in Black 2 - L'angelo della morte,2014
The Women,2008
The woodsman - Il segreto,2004
The Wrestler,2008
The Zero Theorem - Tutto è vanità,2013
Thelma & Louise,1991
They Came Together,2014
This Is England,2006
Thor,2011
Thor: Ragnarok,2017
Thor: The Dark World,2013
Thumbsucker - Il succhiapollice,2005
Tideland - Il mondo capovolto,2005
Tirannosauro,2011
TMNT,2007
Tokarev,2014
Tonya,2017
Top Five,2014
Top Gun,1986
Toy Story - Il mondo dei giocattoli,1995
Toy Story 4,2019
Trainspotting,1996
Transcendence,2014
Transformers - L'ultimo cavaliere,2017
Transformers 3,2011
Transformers 4 - L'era dell'estinzione,2014
Tremors,1990
Trespass,2011
Triangle,2009
Tristano & Isotta,2006
Troll 2,1990
Trolls,2016
Tron,1982
Tron: Legacy,2010
Troy,2004
Truman Capote - A sangue freddo,2005
Trust,2010
Tucker and Dale vs Evil,2010
Tully,2018
Turbo,2013
Turbo Kid,2015
Turner,2014
Tusk,2014
Twilight,2008
Twister,1996
Two Lovers,2008
Two Mothers,2013
Two Weeks Notice - Due settimane per innamorarsi,2002
U Turn - Inversione di marcia,1997
Unbreakable - Il predestinato,2000
Under the Silver Lake,2018
Under the Skin,2013
Underwater,2020
Underworld,2003
Underworld - La ribellione dei Lycans,2009
Unfriended,2014
Unsane,2018
Unstoppable - Fuori controllo,2010
Up,2009
Upgrade,2018
Upside Down,2012
Upstream Color,2013
Urban Legend,1998
V per Vendetta,2005
V/H/S,2012
Vacancy,2007
Valentine - Appuntamento con la morte,2001
Valhalla Rising - Regno di sangue,2009
Vampire Academy,2014
Vanishing on 7th Street,2010
Velluto blu,1986
Velvet Buzzsaw,2019
Veronica Mars - Il film,2014
Vicini del terzo tipo,2012
Videodrome,1983
Vivarium,2019
Voices,2012
Waitress - Ricette d'amore,2007
Waking Life,2001
Walk Hard - La storia di Dewey Cox,2007
Wall Street,1987
Wall Street - Il denaro non dorme mai,2010
WALL·E,2008
Wallace & Gromit - La maledizione del coniglio mannaro,2005
Wanted - Scegli il tuo destino,2008
Warcraft: L'inizio,2016
Warm Bodies,2013
Watchmen,2009
Water Horse - La leggenda degli abissi,2007
Waterworld,1995
We Are Your Friends,2015
Weekend,2011
Week-end di terrore,1982
Welcome to the Punch - Nemici di sangue,2013
Welcome to the Rileys,2010
What If,2013
What Women Want - Quello che le donne vogliono,2000
Whip It,2009
Whiplash,2014
White Bird,2014
White Noise - Non ascoltate,2005
Wild,2014
Wildlife,2018
Will Hunting - Genio ribelle,1997
Willow,1988
Winnie the Pooh - Nuove avventure nel Bosco dei Cento Acri,2011
Wish I Was Here,2014
Wonder,2017
Wonder Boys,2000
World Trade Center,2006
Would You Rather,2012
Wrong Turn - Il bosco ha fame,2003
X-Men,2000
X-Men: Conflitto finale,2006
X-Men: le origini - Wolverine,2009
Young Adult,2011
Your Sister's Sister,2011
You're Next,2011
Zodiac,2007
Zoolander,2001
Zootropolis,2016
